{
	"info": {
		"_postman_id": "f30d78bb-628a-4522-b726-1bddadff01aa",
		"name": "DSCatalog Cap 1",
		"schema": "https://schema.getpostman.com/json/collection/v2.1.0/collection.json",
		"_exporter_id": "26170376",
		"_collection_link": "https://dsprod.postman.co/workspace/Production-Projects~7c95c6be-f56c-4f10-b748-f666c51d05d6/collection/26170376-f30d78bb-628a-4522-b726-1bddadff01aa?action=share&creator=26170376&source=collection_link"
	},
	"item": [
		{
			"name": "Category",
			"item": [
				{
					"name": "Categories paged",
					"request": {
						"auth": {
							"type": "noauth"
						},
						"method": "GET",
						"header": [],
						"url": {
							"raw": "{{host}}/categories?page=0&size=12&sort=name,asc",
							"host": [
								"{{host}}"
							],
							"path": [
								"categories"
							],
							"query": [
								{
									"key": "page",
									"value": "0"
								},
								{
									"key": "size",
									"value": "12"
								},
								{
									"key": "sort",
									"value": "name,asc"
								}
							]
						}
					},
					"response": []
				},
				{
					"name": "Category by id",
					"request": {
						"auth": {
							"type": "noauth"
						},
						"method": "GET",
						"header": [],
						"url": {
							"raw": "{{host}}/categories/1",
							"host": [
								"{{host}}"
							],
							"path": [
								"categories",
								"1"
							]
						}
					},
					"response": []
				},
				{
					"name": "New category",
					"request": {
						"auth": {
							"type": "noauth"
						},
						"method": "POST",
						"header": [],
						"body": {
							"mode": "raw",
							"raw": "{\r\n    \"name\" : \"Garden\"\r\n}",
							"options": {
								"raw": {
									"language": "json"
								}
							}
						},
						"url": {
							"raw": "{{host}}/categories",
							"host": [
								"{{host}}"
							],
							"path": [
								"categories"
							]
						}
					},
					"response": []
				},
				{
					"name": "Update category",
					"request": {
						"auth": {
							"type": "noauth"
						},
						"method": "PUT",
						"header": [],
						"body": {
							"mode": "raw",
							"raw": "{\r\n    \"name\" : \"New name\"\r\n}",
							"options": {
								"raw": {
									"language": "json"
								}
							}
						},
						"url": {
							"raw": "{{host}}/categories/1",
							"host": [
								"{{host}}"
							],
							"path": [
								"categories",
								"1"
							]
						}
					},
					"response": []
				},
				{
					"name": "Delete category",
					"request": {
						"auth": {
							"type": "noauth"
						},
						"method": "DELETE",
						"header": [],
						"url": {
							"raw": "{{host}}/categories/1",
							"host": [
								"{{host}}"
							],
							"path": [
								"categories",
								"1"
							]
						}
					},
					"response": []
				}
			],
			"auth": {
				"type": "noauth"
			},
			"event": [
				{
					"listen": "prerequest",
					"script": {
						"type": "text/javascript",
						"exec": [
							""
						]
					}
				},
				{
					"listen": "test",
					"script": {
						"type": "text/javascript",
						"exec": [
							""
						]
					}
				}
			]
		},
		{
			"name": "Product",
			"item": [
				{
					"name": "Products paged",
					"request": {
						"auth": {
							"type": "noauth"
						},
						"method": "GET",
						"header": [],
						"url": {
							"raw": "{{host}}/products?page=0&size=12&sort=name,asc",
							"host": [
								"{{host}}"
							],
							"path": [
								"products"
							],
							"query": [
								{
									"key": "page",
									"value": "0"
								},
								{
									"key": "size",
									"value": "12"
								},
								{
									"key": "sort",
									"value": "name,asc"
								}
							]
						}
					},
					"response": []
				},
				{
					"name": "Product by id",
					"request": {
						"auth": {
							"type": "noauth"
						},
						"method": "GET",
						"header": [],
						"url": {
							"raw": "{{host}}/products/2",
							"host": [
								"{{host}}"
							],
							"path": [
								"products",
								"2"
							]
						}
					},
					"response": []
				},
				{
					"name": "New product",
					"request": {
						"auth": {
							"type": "noauth"
						},
						"method": "POST",
						"header": [],
						"body": {
							"mode": "raw",
							"raw": "{\r\n  \"description\": \"The new generation PS5 video game\",\r\n  \"name\": \"PS5 Plus\",\r\n  \"imgUrl\": \"\",\r\n  \"price\": 4100.0,\r\n  \"date\": \"2023-07-20T10:00:00Z\",\r\n  \"categories\": [\r\n    {\r\n      \"id\": 1\r\n    }\r\n  ]\r\n}\r\n",
							"options": {
								"raw": {
									"language": "json"
								}
							}
						},
						"url": {
							"raw": "{{host}}/products",
							"host": [
								"{{host}}"
							],
							"path": [
								"products"
							]
						}
					},
					"response": []
				},
				{
					"name": "Update product",
					"request": {
						"auth": {
							"type": "noauth"
						},
						"method": "PUT",
						"header": [],
						"body": {
							"mode": "raw",
							"raw": "{\r\n  \"name\": \"Updated product name\",\r\n  \"description\": \"Updated product description\",\r\n  \"price\": 600.0,\r\n  \"imgUrl\": \"\",\r\n  \"date\": \"2023-07-20T10:00:00Z\",\r\n  \"categories\": [\r\n    {\r\n      \"id\": 1\r\n    },\r\n    {\r\n      \"id\": 3\r\n    }\r\n  ]\r\n}\r\n",
							"options": {
								"raw": {
									"language": "json"
								}
							}
						},
						"url": {
							"raw": "{{host}}/products/1",
							"host": [
								"{{host}}"
							],
							"path": [
								"products",
								"1"
							]
						}
					},
					"response": []
				},
				{
					"name": "Delete product",
					"request": {
						"auth": {
							"type": "noauth"
						},
						"method": "DELETE",
						"header": [],
						"url": {
							"raw": "{{host}}/products/1",
							"host": [
								"{{host}}"
							],
							"path": [
								"products",
								"1"
							]
						}
					},
					"response": []
				}
			]
		}
	]
}